line_key,anomaly_type,severity,description,reconciliation_status
TXN-A-001257-L2513,HIGH_VALUE_OUTLIER,HIGH,Amount 24837.49 exceeds 5.0x population mean 346.18,QUANTITY_AND_AMOUNT_DIFFERENCE
TXN-A-001325-L2649,HIGH_VALUE_OUTLIER,HIGH,Amount 20379.64 exceeds 5.0x population mean 346.18,QUANTITY_AND_AMOUNT_DIFFERENCE
TXN-A-001507-L3013,HIGH_VALUE_OUTLIER,HIGH,Amount 15554.97 exceeds 5.0x population mean 346.18,QUANTITY_AND_AMOUNT_DIFFERENCE
TXN-A-001516-L3091,LOW_CONFIDENCE_MATCH,MEDIUM,Match confidence 70.0 below threshold 75.0,QUANTITY_AND_AMOUNT_DIFFERENCE
TXN-A-001528-L3103,LOW_CONFIDENCE_MATCH,MEDIUM,Match confidence 70.0 below threshold 75.0,QUANTITY_AND_AMOUNT_DIFFERENCE
TXN-A-001553-L3128,HIGH_VALUE_OUTLIER,HIGH,Amount 26309.72 exceeds 5.0x population mean 346.18,QUANTITY_AND_AMOUNT_DIFFERENCE
TXN-A-001603-L3178,LOW_CONFIDENCE_MATCH,MEDIUM,Match confidence 70.0 below threshold 75.0,QUANTITY_AND_AMOUNT_DIFFERENCE
TXN-A-001605-L3180,LOW_CONFIDENCE_MATCH,MEDIUM,Match confidence 70.0 below threshold 75.0,QUANTITY_AND_AMOUNT_DIFFERENCE
TXN-A-001616-L3192,LOW_CONFIDENCE_MATCH,MEDIUM,Match confidence 70.0 below threshold 75.0,QUANTITY_AND_AMOUNT_DIFFERENCE
TXN-A-001625-L3218,LOW_CONFIDENCE_MATCH,MEDIUM,Match confidence 70.0 below threshold 75.0,QUANTITY_AND_AMOUNT_DIFFERENCE
TXN-A-001635-L3248,LOW_CONFIDENCE_MATCH,MEDIUM,Match confidence 70.0 below threshold 75.0,QUANTITY_AND_AMOUNT_DIFFERENCE
TXN-A-001636-L3252,LOW_CONFIDENCE_MATCH,MEDIUM,Match confidence 70.0 below threshold 75.0,QUANTITY_AND_AMOUNT_DIFFERENCE
TXN-A-001641-L3266,LOW_CONFIDENCE_MATCH,MEDIUM,Match confidence 70.0 below threshold 75.0,QUANTITY_AND_AMOUNT_DIFFERENCE
TXN-A-001645-L3279,LOW_CONFIDENCE_MATCH,MEDIUM,Match confidence 70.0 below threshold 75.0,QUANTITY_AND_AMOUNT_DIFFERENCE
TXN-A-001646-L3282,LOW_CONFIDENCE_MATCH,MEDIUM,Match confidence 70.0 below threshold 75.0,QUANTITY_AND_AMOUNT_DIFFERENCE
TXN-A-001650-L3294,LOW_CONFIDENCE_MATCH,MEDIUM,Match confidence 70.0 below threshold 75.0,QUANTITY_AND_AMOUNT_DIFFERENCE
TXN-A-001652-L3299,LOW_CONFIDENCE_MATCH,MEDIUM,Match confidence 70.0 below threshold 75.0,QUANTITY_AND_AMOUNT_DIFFERENCE
TXN-A-001661-L3327,LOW_CONFIDENCE_MATCH,MEDIUM,Match confidence 70.0 below threshold 75.0,QUANTITY_AND_AMOUNT_DIFFERENCE
TXN-A-001662-L3329,LOW_CONFIDENCE_MATCH,MEDIUM,Match confidence 70.0 below threshold 75.0,QUANTITY_AND_AMOUNT_DIFFERENCE
TXN-A-001664-L3335,LOW_CONFIDENCE_MATCH,MEDIUM,Match confidence 70.0 below threshold 75.0,QUANTITY_AND_AMOUNT_DIFFERENCE
TXN-A-001686-L3386,HIGH_VALUE_OUTLIER,HIGH,Amount 52877.90 exceeds 5.0x population mean 346.18,QUANTITY_AND_AMOUNT_DIFFERENCE
TXN-A-001719-L3452,LOW_CONFIDENCE_MATCH,MEDIUM,Match confidence 70.0 below threshold 75.0,QUANTITY_AND_AMOUNT_DIFFERENCE
TXN-A-001730-L3474,LOW_CONFIDENCE_MATCH,MEDIUM,Match confidence 70.0 below threshold 75.0,QUANTITY_AND_AMOUNT_DIFFERENCE
TXN-A-001737-L3488,LOW_CONFIDENCE_MATCH,MEDIUM,Match confidence 70.0 below threshold 75.0,QUANTITY_AND_AMOUNT_DIFFERENCE
TXN-A-001752-L3518,LOW_CONFIDENCE_MATCH,MEDIUM,Match confidence 70.0 below threshold 75.0,QUANTITY_AND_AMOUNT_DIFFERENCE
TXN-A-001762-L3538,LOW_CONFIDENCE_MATCH,MEDIUM,Match confidence 70.0 below threshold 75.0,QUANTITY_AND_AMOUNT_DIFFERENCE
TXN-A-001768-L3550,LOW_CONFIDENCE_MATCH,MEDIUM,Match confidence 70.0 below threshold 75.0,QUANTITY_AND_AMOUNT_DIFFERENCE
TXN-A-001773-L3560,LOW_CONFIDENCE_MATCH,MEDIUM,Match confidence 70.0 below threshold 75.0,QUANTITY_AND_AMOUNT_DIFFERENCE
TXN-A-001779-L3572,LOW_CONFIDENCE_MATCH,MEDIUM,Match confidence 70.0 below threshold 75.0,QUANTITY_AND_AMOUNT_DIFFERENCE
TXN-A-001782-L3578,LOW_CONFIDENCE_MATCH,MEDIUM,Match confidence 70.0 below threshold 75.0,QUANTITY_AND_AMOUNT_DIFFERENCE
TXN-A-001821-L3656,MISSING_COUNTERPART,LOW,Status: MISSING_IN_SOURCE_B,MISSING_IN_SOURCE_B
TXN-A-001830-L3674,MISSING_COUNTERPART,LOW,Status: MISSING_IN_SOURCE_B,MISSING_IN_SOURCE_B
TXN-A-001833-L3680,LOW_CONFIDENCE_MATCH,MEDIUM,Match confidence 70.0 below threshold 75.0,QUANTITY_AND_AMOUNT_DIFFERENCE
TXN-A-001834-L3682,LOW_CONFIDENCE_MATCH,MEDIUM,Match confidence 70.0 below threshold 75.0,QUANTITY_AND_AMOUNT_DIFFERENCE
TXN-A-001838-L3690,LOW_CONFIDENCE_MATCH,MEDIUM,Match confidence 70.0 below threshold 75.0,QUANTITY_AND_AMOUNT_DIFFERENCE
TXN-A-001839-L3692,LOW_CONFIDENCE_MATCH,MEDIUM,Match confidence 70.0 below threshold 75.0,QUANTITY_AND_AMOUNT_DIFFERENCE
TXN-A-001845-L3704,MISSING_COUNTERPART,LOW,Status: MISSING_IN_SOURCE_B,MISSING_IN_SOURCE_B
TXN-A-001846-L3706,MISSING_COUNTERPART,LOW,Status: MISSING_IN_SOURCE_B,MISSING_IN_SOURCE_B
TXN-A-001848-L3710,MISSING_COUNTERPART,LOW,Status: MISSING_IN_SOURCE_B,MISSING_IN_SOURCE_B
TXN-A-001858-L3730,LOW_CONFIDENCE_MATCH,MEDIUM,Match confidence 70.0 below threshold 75.0,QUANTITY_AND_AMOUNT_DIFFERENCE
TXN-A-001860-L3734,LOW_CONFIDENCE_MATCH,MEDIUM,Match confidence 70.0 below threshold 75.0,QUANTITY_AND_AMOUNT_DIFFERENCE
TXN-A-001861-L3736,LOW_CONFIDENCE_MATCH,MEDIUM,Match confidence 70.0 below threshold 75.0,QUANTITY_AND_AMOUNT_DIFFERENCE
TXN-A-001865-L3744,LOW_CONFIDENCE_MATCH,MEDIUM,Match confidence 70.0 below threshold 75.0,QUANTITY_AND_AMOUNT_DIFFERENCE
TXN-A-001875-L3764,LOW_CONFIDENCE_MATCH,MEDIUM,Match confidence 70.0 below threshold 75.0,QUANTITY_AND_AMOUNT_DIFFERENCE
TXN-A-001883-L3780,LOW_CONFIDENCE_MATCH,MEDIUM,Match confidence 70.0 below threshold 75.0,QUANTITY_AND_AMOUNT_DIFFERENCE
TXN-A-001889-L3792,MISSING_COUNTERPART,LOW,Status: MISSING_IN_SOURCE_B,MISSING_IN_SOURCE_B
TXN-A-001898-L3810,HIGH_VALUE_OUTLIER,HIGH,Amount 2636.86 exceeds 5.0x population mean 346.18,QUANTITY_AND_AMOUNT_DIFFERENCE
TXN-A-001906-L3826,LOW_CONFIDENCE_MATCH,MEDIUM,Match confidence 70.0 below threshold 75.0,QUANTITY_AND_AMOUNT_DIFFERENCE
TXN-A-001909-L3832,MISSING_COUNTERPART,LOW,Status: MISSING_IN_SOURCE_B,MISSING_IN_SOURCE_B
TXN-A-001910-L3834,LOW_CONFIDENCE_MATCH,MEDIUM,Match confidence 70.0 below threshold 75.0,QUANTITY_AND_AMOUNT_DIFFERENCE
TXN-A-001913-L3840,HIGH_VALUE_OUTLIER,HIGH,Amount 12137.17 exceeds 5.0x population mean 346.18,QUANTITY_AND_AMOUNT_DIFFERENCE
TXN-A-001915-L3844,LOW_CONFIDENCE_MATCH,MEDIUM,Match confidence 70.0 below threshold 75.0,QUANTITY_AND_AMOUNT_DIFFERENCE
TXN-A-001918-L3850,LOW_CONFIDENCE_MATCH,MEDIUM,Match confidence 70.0 below threshold 75.0,QUANTITY_AND_AMOUNT_DIFFERENCE
TXN-A-001919-L3852,MISSING_COUNTERPART,LOW,Status: MISSING_IN_SOURCE_B,MISSING_IN_SOURCE_B
TXN-A-001920-L3854,MISSING_COUNTERPART,LOW,Status: MISSING_IN_SOURCE_B,MISSING_IN_SOURCE_B
TXN-A-001921-L3856,LOW_CONFIDENCE_MATCH,MEDIUM,Match confidence 70.0 below threshold 75.0,CREDIT
TXN-A-001931-L3876,LOW_CONFIDENCE_MATCH,MEDIUM,Match confidence 70.0 below threshold 75.0,CREDIT
TXN-A-001933-L3880,LOW_CONFIDENCE_MATCH,MEDIUM,Match confidence 70.0 below threshold 75.0,CREDIT
TXN-A-001937-L3888,LOW_CONFIDENCE_MATCH,MEDIUM,Match confidence 70.0 below threshold 75.0,CREDIT
TXN-A-001944-L3902,LOW_CONFIDENCE_MATCH,MEDIUM,Match confidence 70.0 below threshold 75.0,CREDIT
TXN-A-001950-L3914,LOW_CONFIDENCE_MATCH,MEDIUM,Match confidence 70.0 below threshold 75.0,CREDIT
TXN-A-001952-L3918,LOW_CONFIDENCE_MATCH,MEDIUM,Match confidence 70.0 below threshold 75.0,CREDIT
TXN-A-001954-L3922,LOW_CONFIDENCE_MATCH,MEDIUM,Match confidence 70.0 below threshold 75.0,CREDIT
TXN-A-001955-L3924,LOW_CONFIDENCE_MATCH,MEDIUM,Match confidence 70.0 below threshold 75.0,CREDIT
TXN-A-001957-L3928,LOW_CONFIDENCE_MATCH,MEDIUM,Match confidence 70.0 below threshold 75.0,CREDIT
TXN-A-001960-L3934,LOW_CONFIDENCE_MATCH,MEDIUM,Match confidence 70.0 below threshold 75.0,CREDIT
TXN-A-001964-L3942,LOW_CONFIDENCE_MATCH,MEDIUM,Match confidence 70.0 below threshold 75.0,CREDIT
TXN-A-001967-L3948,LOW_CONFIDENCE_MATCH,MEDIUM,Match confidence 70.0 below threshold 75.0,REVERSAL
TXN-A-001970-L3954,LOW_CONFIDENCE_MATCH,MEDIUM,Match confidence 70.0 below threshold 75.0,REVERSAL
TXN-A-001975-L3964,LOW_CONFIDENCE_MATCH,MEDIUM,Match confidence 70.0 below threshold 75.0,REVERSAL
TXN-A-001976-L3966,LOW_CONFIDENCE_MATCH,MEDIUM,Match confidence 70.0 below threshold 75.0,REVERSAL
TXN-A-001988-L3990,LOW_CONFIDENCE_MATCH,MEDIUM,Match confidence 70.0 below threshold 75.0,REVERSAL
TXN-A-001989-L3992,HIGH_VALUE_OUTLIER,HIGH,Amount 22093.21 exceeds 5.0x population mean 346.18,REVERSAL
TXN-A-001994-L4002,LOW_CONFIDENCE_MATCH,MEDIUM,Match confidence 70.0 below threshold 75.0,REVERSAL
TXN-A-001997-L4008,LOW_CONFIDENCE_MATCH,MEDIUM,Match confidence 70.0 below threshold 75.0,REVERSAL
TXN-A-002001-L01,MISSING_COUNTERPART,LOW,Status: MISSING_IN_SOURCE_B,MISSING_IN_SOURCE_B
TXN-A-002001-L02,MISSING_COUNTERPART,LOW,Status: MISSING_IN_SOURCE_B,MISSING_IN_SOURCE_B
TXN-A-002002-L01,MISSING_COUNTERPART,LOW,Status: MISSING_IN_SOURCE_B,MISSING_IN_SOURCE_B
TXN-A-002002-L02,MISSING_COUNTERPART,LOW,Status: MISSING_IN_SOURCE_B,MISSING_IN_SOURCE_B
TXN-A-002004-L01,LOW_CONFIDENCE_MATCH,MEDIUM,Match confidence 70.0 below threshold 75.0,QUANTITY_AND_AMOUNT_DIFFERENCE
TXN-A-002004-L02,MISSING_COUNTERPART,LOW,Status: MISSING_IN_SOURCE_B,MISSING_IN_SOURCE_B
TXN-A-002005-L01,MISSING_COUNTERPART,LOW,Status: MISSING_IN_SOURCE_B,MISSING_IN_SOURCE_B
TXN-A-002005-L02,MISSING_COUNTERPART,LOW,Status: MISSING_IN_SOURCE_B,MISSING_IN_SOURCE_B
TXN-A-002006-L01,MISSING_COUNTERPART,LOW,Status: MISSING_IN_SOURCE_B,MISSING_IN_SOURCE_B
TXN-A-002006-L02,MISSING_COUNTERPART,LOW,Status: MISSING_IN_SOURCE_B,MISSING_IN_SOURCE_B
TXN-A-002007-L01,LOW_CONFIDENCE_MATCH,MEDIUM,Match confidence 70.0 below threshold 75.0,QUANTITY_AND_AMOUNT_DIFFERENCE
TXN-A-002007-L02,LOW_CONFIDENCE_MATCH,MEDIUM,Match confidence 70.0 below threshold 75.0,QUANTITY_AND_AMOUNT_DIFFERENCE
TXN-A-002010-L01,MISSING_COUNTERPART,LOW,Status: MISSING_IN_SOURCE_B,MISSING_IN_SOURCE_B
TXN-A-002010-L02,MISSING_COUNTERPART,LOW,Status: MISSING_IN_SOURCE_B,MISSING_IN_SOURCE_B
TXN-A-002011-L01,LOW_CONFIDENCE_MATCH,MEDIUM,Match confidence 70.0 below threshold 75.0,QUANTITY_AND_AMOUNT_DIFFERENCE
TXN-A-002011-L02,MISSING_COUNTERPART,LOW,Status: MISSING_IN_SOURCE_B,MISSING_IN_SOURCE_B
TXN-A-002012-L01,LOW_CONFIDENCE_MATCH,MEDIUM,Match confidence 70.0 below threshold 75.0,QUANTITY_AND_AMOUNT_DIFFERENCE
TXN-A-002012-L02,MISSING_COUNTERPART,LOW,Status: MISSING_IN_SOURCE_B,MISSING_IN_SOURCE_B
TXN-A-002013-L02,LOW_CONFIDENCE_MATCH,MEDIUM,Match confidence 70.0 below threshold 75.0,QUANTITY_AND_AMOUNT_DIFFERENCE
TXN-A-002014-L01,MISSING_COUNTERPART,LOW,Status: MISSING_IN_SOURCE_B,MISSING_IN_SOURCE_B
TXN-A-002014-L02,MISSING_COUNTERPART,LOW,Status: MISSING_IN_SOURCE_B,MISSING_IN_SOURCE_B
TXN-A-002015-L01,MISSING_COUNTERPART,LOW,Status: MISSING_IN_SOURCE_B,MISSING_IN_SOURCE_B
TXN-A-002015-L02,MISSING_COUNTERPART,LOW,Status: MISSING_IN_SOURCE_B,MISSING_IN_SOURCE_B
TXN-A-002016-L01,LOW_CONFIDENCE_MATCH,MEDIUM,Match confidence 70.0 below threshold 75.0,QUANTITY_AND_AMOUNT_DIFFERENCE
TXN-A-002016-L02,LOW_CONFIDENCE_MATCH,MEDIUM,Match confidence 70.0 below threshold 75.0,QUANTITY_AND_AMOUNT_DIFFERENCE
TXN-A-002017-L01,MISSING_COUNTERPART,LOW,Status: MISSING_IN_SOURCE_B,MISSING_IN_SOURCE_B
TXN-A-002017-L02,MISSING_COUNTERPART,LOW,Status: MISSING_IN_SOURCE_B,MISSING_IN_SOURCE_B
TXN-A-002019-L01,MISSING_COUNTERPART,LOW,Status: MISSING_IN_SOURCE_B,MISSING_IN_SOURCE_B
TXN-A-002019-L02,MISSING_COUNTERPART,LOW,Status: MISSING_IN_SOURCE_B,MISSING_IN_SOURCE_B
TXN-A-002020-L01,MISSING_COUNTERPART,LOW,Status: MISSING_IN_SOURCE_B,MISSING_IN_SOURCE_B
TXN-A-002020-L02,MISSING_COUNTERPART,LOW,Status: MISSING_IN_SOURCE_B,MISSING_IN_SOURCE_B
TXN-A-002021-L01,MISSING_COUNTERPART,LOW,Status: MISSING_IN_SOURCE_B,MISSING_IN_SOURCE_B
TXN-A-002021-L01,MISSING_COUNTERPART,LOW,Status: MISSING_IN_SOURCE_B,MISSING_IN_SOURCE_B
TXN-A-002022-L01,MISSING_COUNTERPART,LOW,Status: MISSING_IN_SOURCE_B,MISSING_IN_SOURCE_B
TXN-A-002022-L01,MISSING_COUNTERPART,LOW,Status: MISSING_IN_SOURCE_B,MISSING_IN_SOURCE_B
TXN-A-002024-L01,LOW_CONFIDENCE_MATCH,MEDIUM,Match confidence 70.0 below threshold 75.0,QUANTITY_AND_AMOUNT_DIFFERENCE
TXN-A-002024-L01,LOW_CONFIDENCE_MATCH,MEDIUM,Match confidence 70.0 below threshold 75.0,QUANTITY_AND_AMOUNT_DIFFERENCE
TXN-A-002025-L01,MISSING_COUNTERPART,LOW,Status: MISSING_IN_SOURCE_B,MISSING_IN_SOURCE_B
TXN-A-002025-L01,MISSING_COUNTERPART,LOW,Status: MISSING_IN_SOURCE_B,MISSING_IN_SOURCE_B
TXN-A-002027-L01,MISSING_COUNTERPART,LOW,Status: MISSING_IN_SOURCE_B,MISSING_IN_SOURCE_B
TXN-A-002027-L01,MISSING_COUNTERPART,LOW,Status: MISSING_IN_SOURCE_B,MISSING_IN_SOURCE_B
TXN-A-002028-L01,MISSING_COUNTERPART,LOW,Status: MISSING_IN_SOURCE_B,MISSING_IN_SOURCE_B
TXN-A-002028-L01,MISSING_COUNTERPART,LOW,Status: MISSING_IN_SOURCE_B,MISSING_IN_SOURCE_B
TXN-A-002030-L01,MISSING_COUNTERPART,LOW,Status: MISSING_IN_SOURCE_B,MISSING_IN_SOURCE_B
TXN-A-002030-L01,MISSING_COUNTERPART,LOW,Status: MISSING_IN_SOURCE_B,MISSING_IN_SOURCE_B
TXN-A-002031-L01,HIGH_VALUE_OUTLIER,HIGH,Amount 42819.09 exceeds 5.0x population mean 346.18,QUANTITY_AND_AMOUNT_DIFFERENCE
TXN-A-002031-L01,LOW_CONFIDENCE_MATCH,MEDIUM,Match confidence 70.0 below threshold 75.0,QUANTITY_AND_AMOUNT_DIFFERENCE
TXN-A-002031-L01,LOW_CONFIDENCE_MATCH,MEDIUM,Match confidence 70.0 below threshold 75.0,QUANTITY_AND_AMOUNT_DIFFERENCE
TXN-A-002032-L01,MISSING_COUNTERPART,LOW,Status: MISSING_IN_SOURCE_B,MISSING_IN_SOURCE_B
TXN-A-002032-L01,MISSING_COUNTERPART,LOW,Status: MISSING_IN_SOURCE_B,MISSING_IN_SOURCE_B
TXN-A-002033-L01,MISSING_COUNTERPART,LOW,Status: MISSING_IN_SOURCE_B,MISSING_IN_SOURCE_B
TXN-A-002033-L01,MISSING_COUNTERPART,LOW,Status: MISSING_IN_SOURCE_B,MISSING_IN_SOURCE_B
TXN-A-002034-L01,LOW_CONFIDENCE_MATCH,MEDIUM,Match confidence 70.0 below threshold 75.0,QUANTITY_AND_AMOUNT_DIFFERENCE
TXN-A-002035-L01,MISSING_COUNTERPART,LOW,Status: MISSING_IN_SOURCE_B,MISSING_IN_SOURCE_B
TXN-A-002035-L01,MISSING_COUNTERPART,LOW,Status: MISSING_IN_SOURCE_B,MISSING_IN_SOURCE_B
TXN-A-002036-L01,LOW_CONFIDENCE_MATCH,MEDIUM,Match confidence 70.0 below threshold 75.0,QUANTITY_AND_AMOUNT_DIFFERENCE
TXN-A-002037-L01,MISSING_COUNTERPART,LOW,Status: MISSING_IN_SOURCE_B,MISSING_IN_SOURCE_B
TXN-A-002037-L01,MISSING_COUNTERPART,LOW,Status: MISSING_IN_SOURCE_B,MISSING_IN_SOURCE_B
TXN-A-002038-L01,MISSING_COUNTERPART,LOW,Status: MISSING_IN_SOURCE_B,MISSING_IN_SOURCE_B
TXN-A-002038-L01,MISSING_COUNTERPART,LOW,Status: MISSING_IN_SOURCE_B,MISSING_IN_SOURCE_B
TXN-A-002039-L01,MISSING_COUNTERPART,LOW,Status: MISSING_IN_SOURCE_B,MISSING_IN_SOURCE_B
TXN-A-002039-L01,MISSING_COUNTERPART,LOW,Status: MISSING_IN_SOURCE_B,MISSING_IN_SOURCE_B
TXN-A-002040-L01,MISSING_COUNTERPART,LOW,Status: MISSING_IN_SOURCE_B,MISSING_IN_SOURCE_B
TXN-A-002041-L01,MISSING_COUNTERPART,LOW,Status: MISSING_IN_SOURCE_B,MISSING_IN_SOURCE_B
TXN-A-002041-L01,MISSING_COUNTERPART,LOW,Status: MISSING_IN_SOURCE_B,MISSING_IN_SOURCE_B
TXN-A-002042-L01,MISSING_COUNTERPART,LOW,Status: MISSING_IN_SOURCE_B,MISSING_IN_SOURCE_B
TXN-A-002042-L01,MISSING_COUNTERPART,LOW,Status: MISSING_IN_SOURCE_B,MISSING_IN_SOURCE_B
TXN-A-002043-L01,MISSING_COUNTERPART,LOW,Status: MISSING_IN_SOURCE_B,MISSING_IN_SOURCE_B
TXN-A-002043-L01,MISSING_COUNTERPART,LOW,Status: MISSING_IN_SOURCE_B,MISSING_IN_SOURCE_B
TXN-A-002044-L01,MISSING_COUNTERPART,LOW,Status: MISSING_IN_SOURCE_B,MISSING_IN_SOURCE_B
TXN-A-002044-L01,MISSING_COUNTERPART,LOW,Status: MISSING_IN_SOURCE_B,MISSING_IN_SOURCE_B
TXN-A-002045-L01,MISSING_COUNTERPART,LOW,Status: MISSING_IN_SOURCE_B,MISSING_IN_SOURCE_B
TXN-A-002045-L01,MISSING_COUNTERPART,LOW,Status: MISSING_IN_SOURCE_B,MISSING_IN_SOURCE_B
TXN-A-002046-L4016,MISSING_COUNTERPART,LOW,Status: MISSING_IN_SOURCE_B,MISSING_IN_SOURCE_B
TXN-A-002047-L4017,MISSING_COUNTERPART,LOW,Status: MISSING_IN_SOURCE_B,MISSING_IN_SOURCE_B
TXN-A-002048-L4018,MISSING_COUNTERPART,LOW,Status: MISSING_IN_SOURCE_B,MISSING_IN_SOURCE_B
TXN-A-002049-L4019,MISSING_COUNTERPART,LOW,Status: MISSING_IN_SOURCE_B,MISSING_IN_SOURCE_B
TXN-A-002050-L4020,MISSING_COUNTERPART,LOW,Status: MISSING_IN_SOURCE_B,MISSING_IN_SOURCE_B
TXN-A-002051-L4021,MISSING_COUNTERPART,LOW,Status: MISSING_IN_SOURCE_B,MISSING_IN_SOURCE_B
TXN-A-002052-L4022,MISSING_COUNTERPART,LOW,Status: MISSING_IN_SOURCE_B,MISSING_IN_SOURCE_B
TXN-A-002053-L4023,MISSING_COUNTERPART,LOW,Status: MISSING_IN_SOURCE_B,MISSING_IN_SOURCE_B
TXN-A-002054-L4024,MISSING_COUNTERPART,LOW,Status: MISSING_IN_SOURCE_B,MISSING_IN_SOURCE_B
TXN-A-002055-L4025,MISSING_COUNTERPART,LOW,Status: MISSING_IN_SOURCE_B,MISSING_IN_SOURCE_B
TXN-A-002056-L4026,MISSING_COUNTERPART,LOW,Status: MISSING_IN_SOURCE_B,MISSING_IN_SOURCE_B
TXN-A-002057-L4027,MISSING_COUNTERPART,LOW,Status: MISSING_IN_SOURCE_B,MISSING_IN_SOURCE_B
TXN-A-002058-L4028,MISSING_COUNTERPART,LOW,Status: MISSING_IN_SOURCE_B,MISSING_IN_SOURCE_B
TXN-A-002059-L4029,MISSING_COUNTERPART,LOW,Status: MISSING_IN_SOURCE_B,MISSING_IN_SOURCE_B
TXN-A-002060-L4030,MISSING_COUNTERPART,LOW,Status: MISSING_IN_SOURCE_B,MISSING_IN_SOURCE_B
TXN-A-002061-L4031,MISSING_COUNTERPART,LOW,Status: MISSING_IN_SOURCE_B,MISSING_IN_SOURCE_B
TXN-A-002062-L4032,MISSING_COUNTERPART,LOW,Status: MISSING_IN_SOURCE_B,MISSING_IN_SOURCE_B
TXN-A-002063-L4033,MISSING_COUNTERPART,LOW,Status: MISSING_IN_SOURCE_B,MISSING_IN_SOURCE_B
TXN-A-002064-L4034,MISSING_COUNTERPART,LOW,Status: MISSING_IN_SOURCE_B,MISSING_IN_SOURCE_B
TXN-A-002065-L4035,MISSING_COUNTERPART,LOW,Status: MISSING_IN_SOURCE_B,MISSING_IN_SOURCE_B
TXN-A-002066-L4036,MISSING_COUNTERPART,LOW,Status: MISSING_IN_SOURCE_B,MISSING_IN_SOURCE_B
TXN-A-002067-L4037,MISSING_COUNTERPART,LOW,Status: MISSING_IN_SOURCE_B,MISSING_IN_SOURCE_B
TXN-A-002068-L4038,MISSING_COUNTERPART,LOW,Status: MISSING_IN_SOURCE_B,MISSING_IN_SOURCE_B
TXN-A-002069-L4039,MISSING_COUNTERPART,LOW,Status: MISSING_IN_SOURCE_B,MISSING_IN_SOURCE_B
TXN-A-002070-L4040,MISSING_COUNTERPART,LOW,Status: MISSING_IN_SOURCE_B,MISSING_IN_SOURCE_B
TXN-A-002071-L4041,MISSING_COUNTERPART,LOW,Status: MISSING_IN_SOURCE_B,MISSING_IN_SOURCE_B
TXN-A-002072-L4042,MISSING_COUNTERPART,LOW,Status: MISSING_IN_SOURCE_B,MISSING_IN_SOURCE_B
TXN-A-002073-L4043,MISSING_COUNTERPART,LOW,Status: MISSING_IN_SOURCE_B,MISSING_IN_SOURCE_B
TXN-A-002074-L4044,MISSING_COUNTERPART,LOW,Status: MISSING_IN_SOURCE_B,MISSING_IN_SOURCE_B
TXN-A-002075-L4045,MISSING_COUNTERPART,LOW,Status: MISSING_IN_SOURCE_B,MISSING_IN_SOURCE_B
TXN-A-002076-L4046,MISSING_COUNTERPART,LOW,Status: MISSING_IN_SOURCE_B,MISSING_IN_SOURCE_B
TXN-A-002077-L4047,MISSING_COUNTERPART,LOW,Status: MISSING_IN_SOURCE_B,MISSING_IN_SOURCE_B
TXN-A-002078-L4048,MISSING_COUNTERPART,LOW,Status: MISSING_IN_SOURCE_B,MISSING_IN_SOURCE_B
TXN-A-002079-L4049,MISSING_COUNTERPART,LOW,Status: MISSING_IN_SOURCE_B,MISSING_IN_SOURCE_B
TXN-A-002080-L4050,MISSING_COUNTERPART,LOW,Status: MISSING_IN_SOURCE_B,MISSING_IN_SOURCE_B
TXN-A-002081-L4051,MISSING_COUNTERPART,LOW,Status: MISSING_IN_SOURCE_B,MISSING_IN_SOURCE_B
TXN-A-002082-L4052,MISSING_COUNTERPART,LOW,Status: MISSING_IN_SOURCE_B,MISSING_IN_SOURCE_B
TXN-A-002084-L4054,HIGH_VALUE_OUTLIER,HIGH,Amount 15202.65 exceeds 5.0x population mean 346.18,QUANTITY_AND_AMOUNT_DIFFERENCE
TXN-A-002084-L4054,LOW_CONFIDENCE_MATCH,MEDIUM,Match confidence 70.0 below threshold 75.0,QUANTITY_AND_AMOUNT_DIFFERENCE
TXN-A-002085-L4055,MISSING_COUNTERPART,LOW,Status: MISSING_IN_SOURCE_B,MISSING_IN_SOURCE_B
TXN-A-002086-L4056,MISSING_COUNTERPART,LOW,Status: MISSING_IN_SOURCE_B,MISSING_IN_SOURCE_B
TXN-A-002087-L4057,MISSING_COUNTERPART,LOW,Status: MISSING_IN_SOURCE_B,MISSING_IN_SOURCE_B
TXN-A-002088-L4058,MISSING_COUNTERPART,LOW,Status: MISSING_IN_SOURCE_B,MISSING_IN_SOURCE_B
TXN-A-002089-L4059,MISSING_COUNTERPART,LOW,Status: MISSING_IN_SOURCE_B,MISSING_IN_SOURCE_B
TXN-A-002090-L4060,MISSING_COUNTERPART,LOW,Status: MISSING_IN_SOURCE_B,MISSING_IN_SOURCE_B
TXN-A-002091-L4061,MISSING_COUNTERPART,LOW,Status: MISSING_IN_SOURCE_B,MISSING_IN_SOURCE_B
TXN-A-002092-L4062,MISSING_COUNTERPART,LOW,Status: MISSING_IN_SOURCE_B,MISSING_IN_SOURCE_B
TXN-A-002093-L4063,MISSING_COUNTERPART,LOW,Status: MISSING_IN_SOURCE_B,MISSING_IN_SOURCE_B
TXN-A-002094-L4064,MISSING_COUNTERPART,LOW,Status: MISSING_IN_SOURCE_B,MISSING_IN_SOURCE_B
TXN-A-002095-L4065,MISSING_COUNTERPART,LOW,Status: MISSING_IN_SOURCE_B,MISSING_IN_SOURCE_B
TXN-A-002096-L4066,LOW_CONFIDENCE_MATCH,MEDIUM,Match confidence 70.0 below threshold 75.0,QUANTITY_AND_AMOUNT_DIFFERENCE
TXN-A-002097-L4067,MISSING_COUNTERPART,LOW,Status: MISSING_IN_SOURCE_B,MISSING_IN_SOURCE_B
TXN-A-002098-L4068,MISSING_COUNTERPART,LOW,Status: MISSING_IN_SOURCE_B,MISSING_IN_SOURCE_B
TXN-A-002099-L4069,MISSING_COUNTERPART,LOW,Status: MISSING_IN_SOURCE_B,MISSING_IN_SOURCE_B
TXN-A-002100-L4070,MISSING_COUNTERPART,LOW,Status: MISSING_IN_SOURCE_B,MISSING_IN_SOURCE_B
TXN-A-002101-L4071,MISSING_COUNTERPART,LOW,Status: MISSING_IN_SOURCE_B,MISSING_IN_SOURCE_B
TXN-A-002102-L4072,MISSING_COUNTERPART,LOW,Status: MISSING_IN_SOURCE_B,MISSING_IN_SOURCE_B
TXN-A-002104-L4074,MISSING_COUNTERPART,LOW,Status: MISSING_IN_SOURCE_B,MISSING_IN_SOURCE_B
TXN-A-002105-L4075,MISSING_COUNTERPART,LOW,Status: MISSING_IN_SOURCE_B,MISSING_IN_SOURCE_B
TXN-A-002106-L4076,MISSING_COUNTERPART,LOW,Status: MISSING_IN_SOURCE_B,MISSING_IN_SOURCE_B
TXN-A-002107-L4077,LOW_CONFIDENCE_MATCH,MEDIUM,Match confidence 70.0 below threshold 75.0,QUANTITY_AND_AMOUNT_DIFFERENCE
TXN-A-002108-L4078,MISSING_COUNTERPART,LOW,Status: MISSING_IN_SOURCE_B,MISSING_IN_SOURCE_B
TXN-A-002109-L4079,MISSING_COUNTERPART,LOW,Status: MISSING_IN_SOURCE_B,MISSING_IN_SOURCE_B
TXN-A-002110-L4080,MISSING_COUNTERPART,LOW,Status: MISSING_IN_SOURCE_B,MISSING_IN_SOURCE_B
TXN-A-002111-L4081,MISSING_COUNTERPART,LOW,Status: MISSING_IN_SOURCE_B,MISSING_IN_SOURCE_B
TXN-A-002112-L4082,MISSING_COUNTERPART,LOW,Status: MISSING_IN_SOURCE_B,MISSING_IN_SOURCE_B
TXN-A-002113-L4083,MISSING_COUNTERPART,LOW,Status: MISSING_IN_SOURCE_B,MISSING_IN_SOURCE_B
TXN-A-002114-L4084,MISSING_COUNTERPART,LOW,Status: MISSING_IN_SOURCE_B,MISSING_IN_SOURCE_B
TXN-A-002116-L4086,MISSING_COUNTERPART,LOW,Status: MISSING_IN_SOURCE_B,MISSING_IN_SOURCE_B
TXN-A-002117-L4087,MISSING_COUNTERPART,LOW,Status: MISSING_IN_SOURCE_B,MISSING_IN_SOURCE_B
TXN-A-002118-L4088,MISSING_COUNTERPART,LOW,Status: MISSING_IN_SOURCE_B,MISSING_IN_SOURCE_B
TXN-A-002120-L4090,MISSING_COUNTERPART,LOW,Status: MISSING_IN_SOURCE_B,MISSING_IN_SOURCE_B
TXN-A-002121-L4091,MISSING_COUNTERPART,LOW,Status: MISSING_IN_SOURCE_B,MISSING_IN_SOURCE_B
TXN-A-002122-L4092,MISSING_COUNTERPART,LOW,Status: MISSING_IN_SOURCE_B,MISSING_IN_SOURCE_B
TXN-A-002124-L4094,MISSING_COUNTERPART,LOW,Status: MISSING_IN_SOURCE_B,MISSING_IN_SOURCE_B
TXN-A-002125-L4095,MISSING_COUNTERPART,LOW,Status: MISSING_IN_SOURCE_B,MISSING_IN_SOURCE_B
TXN-A-002126-L4096,MISSING_COUNTERPART,LOW,Status: MISSING_IN_SOURCE_B,MISSING_IN_SOURCE_B
TXN-A-002127-L4098,HIGH_VALUE_OUTLIER,HIGH,Amount 3798.86 exceeds 5.0x population mean 346.18,MISSING_IN_SOURCE_B
TXN-A-002127-L4098,MISSING_COUNTERPART,LOW,Status: MISSING_IN_SOURCE_B,MISSING_IN_SOURCE_B
TXN-A-002128-L4100,HIGH_VALUE_OUTLIER,HIGH,Amount 26278.56 exceeds 5.0x population mean 346.18,MISSING_IN_SOURCE_B
TXN-A-002128-L4100,MISSING_COUNTERPART,LOW,Status: MISSING_IN_SOURCE_B,MISSING_IN_SOURCE_B
TXN-A-002129-L4102,MISSING_COUNTERPART,LOW,Status: MISSING_IN_SOURCE_B,MISSING_IN_SOURCE_B
TXN-A-002130-L4104,HIGH_VALUE_OUTLIER,HIGH,Amount 3760.36 exceeds 5.0x population mean 346.18,QUANTITY_AND_AMOUNT_DIFFERENCE
TXN-A-002130-L4104,LOW_CONFIDENCE_MATCH,MEDIUM,Match confidence 70.0 below threshold 75.0,QUANTITY_AND_AMOUNT_DIFFERENCE
TXN-A-002131-L4106,HIGH_VALUE_OUTLIER,HIGH,Amount 30562.61 exceeds 5.0x population mean 346.18,PRICE_DIFFERENCE
TXN-A-002132-L4108,HIGH_VALUE_OUTLIER,HIGH,Amount 2012.58 exceeds 5.0x population mean 346.18,QUANTITY_AND_AMOUNT_DIFFERENCE
TXN-A-002133-L4110,HIGH_VALUE_OUTLIER,HIGH,Amount 19362.24 exceeds 5.0x population mean 346.18,MISSING_IN_SOURCE_B
TXN-A-002133-L4110,MISSING_COUNTERPART,LOW,Status: MISSING_IN_SOURCE_B,MISSING_IN_SOURCE_B
TXN-A-002134-L4112,HIGH_VALUE_OUTLIER,HIGH,Amount 43016.04 exceeds 5.0x population mean 346.18,MISSING_IN_SOURCE_B
TXN-A-002134-L4112,MISSING_COUNTERPART,LOW,Status: MISSING_IN_SOURCE_B,MISSING_IN_SOURCE_B
TXN-A-002135-L4114,HIGH_VALUE_OUTLIER,HIGH,Amount 22271.33 exceeds 5.0x population mean 346.18,MISSING_IN_SOURCE_B
TXN-A-002135-L4114,MISSING_COUNTERPART,LOW,Status: MISSING_IN_SOURCE_B,MISSING_IN_SOURCE_B
TXN-A-002136-L4116,HIGH_VALUE_OUTLIER,HIGH,Amount 2668.32 exceeds 5.0x population mean 346.18,MISSING_IN_SOURCE_B
TXN-A-002136-L4116,MISSING_COUNTERPART,LOW,Status: MISSING_IN_SOURCE_B,MISSING_IN_SOURCE_B
TXN-A-002137-L4118,HIGH_VALUE_OUTLIER,HIGH,Amount 13253.93 exceeds 5.0x population mean 346.18,MISSING_IN_SOURCE_B
TXN-A-002137-L4118,MISSING_COUNTERPART,LOW,Status: MISSING_IN_SOURCE_B,MISSING_IN_SOURCE_B
TXN-A-002138-L4120,HIGH_VALUE_OUTLIER,HIGH,Amount 20512.28 exceeds 5.0x population mean 346.18,QUANTITY_AND_AMOUNT_DIFFERENCE
TXN-A-002138-L4120,LOW_CONFIDENCE_MATCH,MEDIUM,Match confidence 70.0 below threshold 75.0,QUANTITY_AND_AMOUNT_DIFFERENCE
TXN-A-002139-L4122,HIGH_VALUE_OUTLIER,HIGH,Amount 54102.88 exceeds 5.0x population mean 346.18,MISSING_IN_SOURCE_B
TXN-A-002139-L4122,MISSING_COUNTERPART,LOW,Status: MISSING_IN_SOURCE_B,MISSING_IN_SOURCE_B
TXN-A-002140-L4124,HIGH_VALUE_OUTLIER,HIGH,Amount 15819.01 exceeds 5.0x population mean 346.18,QUANTITY_AND_AMOUNT_DIFFERENCE
TXN-A-002141-L4126,HIGH_VALUE_OUTLIER,HIGH,Amount 15255.86 exceeds 5.0x population mean 346.18,MISSING_IN_SOURCE_B
TXN-A-002141-L4126,MISSING_COUNTERPART,LOW,Status: MISSING_IN_SOURCE_B,MISSING_IN_SOURCE_B
TXN-A-002143-L4130,HIGH_VALUE_OUTLIER,HIGH,Amount 26560.64 exceeds 5.0x population mean 346.18,MISSING_IN_SOURCE_B
TXN-A-002143-L4130,MISSING_COUNTERPART,LOW,Status: MISSING_IN_SOURCE_B,MISSING_IN_SOURCE_B
TXN-A-002144-L4132,HIGH_VALUE_OUTLIER,HIGH,Amount 25109.50 exceeds 5.0x population mean 346.18,MISSING_IN_SOURCE_B
TXN-A-002144-L4132,MISSING_COUNTERPART,LOW,Status: MISSING_IN_SOURCE_B,MISSING_IN_SOURCE_B
TXN-A-002145-L4134,MISSING_COUNTERPART,LOW,Status: MISSING_IN_SOURCE_B,MISSING_IN_SOURCE_B
TXN-A-002146-L4136,LOW_CONFIDENCE_MATCH,MEDIUM,Match confidence 70.0 below threshold 75.0,QUANTITY_AND_AMOUNT_DIFFERENCE
TXN-A-002147-L4138,MISSING_COUNTERPART,LOW,Status: MISSING_IN_SOURCE_B,MISSING_IN_SOURCE_B
TXN-A-002148-L4140,MISSING_COUNTERPART,LOW,Status: MISSING_IN_SOURCE_B,MISSING_IN_SOURCE_B
TXN-A-002150-L4144,MISSING_COUNTERPART,LOW,Status: MISSING_IN_SOURCE_B,MISSING_IN_SOURCE_B
TXN-A-002152-L4148,MISSING_COUNTERPART,LOW,Status: MISSING_IN_SOURCE_B,MISSING_IN_SOURCE_B
TXN-A-002154-L4152,LOW_CONFIDENCE_MATCH,MEDIUM,Match confidence 70.0 below threshold 75.0,QUANTITY_AND_AMOUNT_DIFFERENCE
TXN-A-002155-L4154,MISSING_COUNTERPART,LOW,Status: MISSING_IN_SOURCE_B,MISSING_IN_SOURCE_B
TXN-A-002156-L4156,MISSING_COUNTERPART,LOW,Status: MISSING_IN_SOURCE_B,MISSING_IN_SOURCE_B
TXN-A-002158-L4160,MISSING_COUNTERPART,LOW,Status: MISSING_IN_SOURCE_B,MISSING_IN_SOURCE_B
TXN-A-002160-L4164,MISSING_COUNTERPART,LOW,Status: MISSING_IN_SOURCE_B,MISSING_IN_SOURCE_B
TXN-A-002161-L4166,MISSING_COUNTERPART,LOW,Status: MISSING_IN_SOURCE_B,MISSING_IN_SOURCE_B
TXN-A-002162-L4168,MISSING_COUNTERPART,LOW,Status: MISSING_IN_SOURCE_B,MISSING_IN_SOURCE_B
TXN-A-002163-L4170,MISSING_COUNTERPART,LOW,Status: MISSING_IN_SOURCE_B,MISSING_IN_SOURCE_B
TXN-A-002164-L4172,MISSING_COUNTERPART,LOW,Status: MISSING_IN_SOURCE_B,MISSING_IN_SOURCE_B
TXN-A-002165-L4174,MISSING_COUNTERPART,LOW,Status: MISSING_IN_SOURCE_B,MISSING_IN_SOURCE_B
TXN-A-002168-L4180,MISSING_COUNTERPART,LOW,Status: MISSING_IN_SOURCE_B,MISSING_IN_SOURCE_B
TXN-A-002169-L4182,MISSING_COUNTERPART,LOW,Status: MISSING_IN_SOURCE_B,MISSING_IN_SOURCE_B
TXN-A-002170-L4184,LOW_CONFIDENCE_MATCH,MEDIUM,Match confidence 70.0 below threshold 75.0,QUANTITY_AND_AMOUNT_DIFFERENCE
TXN-A-002171-L4186,MISSING_COUNTERPART,LOW,Status: MISSING_IN_SOURCE_B,MISSING_IN_SOURCE_B
TXN-A-002172-L4188,MISSING_COUNTERPART,LOW,Status: MISSING_IN_SOURCE_B,MISSING_IN_SOURCE_B
TXN-A-002173-L4190,MISSING_COUNTERPART,LOW,Status: MISSING_IN_SOURCE_B,MISSING_IN_SOURCE_B
TXN-A-002174-L4192,MISSING_COUNTERPART,LOW,Status: MISSING_IN_SOURCE_B,MISSING_IN_SOURCE_B
TXN-A-002175-L4194,MISSING_COUNTERPART,LOW,Status: MISSING_IN_SOURCE_B,MISSING_IN_SOURCE_B
TXN-A-002176-L4196,MISSING_COUNTERPART,LOW,Status: MISSING_IN_SOURCE_B,MISSING_IN_SOURCE_B
TXN-A-002177-L4197,MISSING_COUNTERPART,LOW,Status: MISSING_IN_SOURCE_B,MISSING_IN_SOURCE_B
TXN-A-002178-L4198,MISSING_COUNTERPART,LOW,Status: MISSING_IN_SOURCE_B,MISSING_IN_SOURCE_B
TXN-A-002179-L4199,MISSING_COUNTERPART,LOW,Status: MISSING_IN_SOURCE_B,MISSING_IN_SOURCE_B
TXN-A-002180-L4200,MISSING_COUNTERPART,LOW,Status: MISSING_IN_SOURCE_B,MISSING_IN_SOURCE_B
TXN-A-002181-L4201,MISSING_COUNTERPART,LOW,Status: MISSING_IN_SOURCE_B,MISSING_IN_SOURCE_B
TXN-A-002182-L4202,MISSING_COUNTERPART,LOW,Status: MISSING_IN_SOURCE_B,MISSING_IN_SOURCE_B
TXN-A-002183-L4203,MISSING_COUNTERPART,LOW,Status: MISSING_IN_SOURCE_B,MISSING_IN_SOURCE_B
TXN-A-002184-L4204,MISSING_COUNTERPART,LOW,Status: MISSING_IN_SOURCE_B,MISSING_IN_SOURCE_B
TXN-A-002185-L4205,MISSING_COUNTERPART,LOW,Status: MISSING_IN_SOURCE_B,MISSING_IN_SOURCE_B
TXN-A-002186-L4206,MISSING_COUNTERPART,LOW,Status: MISSING_IN_SOURCE_B,MISSING_IN_SOURCE_B
TXN-A-002187-L4207,MISSING_COUNTERPART,LOW,Status: MISSING_IN_SOURCE_B,MISSING_IN_SOURCE_B
TXN-A-002188-L4208,MISSING_COUNTERPART,LOW,Status: MISSING_IN_SOURCE_B,MISSING_IN_SOURCE_B
TXN-A-002189-L4209,MISSING_COUNTERPART,LOW,Status: MISSING_IN_SOURCE_B,MISSING_IN_SOURCE_B
TXN-A-002190-L4210,MISSING_COUNTERPART,LOW,Status: MISSING_IN_SOURCE_B,MISSING_IN_SOURCE_B
TXN-A-002191-L4211,MISSING_COUNTERPART,LOW,Status: MISSING_IN_SOURCE_B,MISSING_IN_SOURCE_B
TXN-A-002192-L4212,MISSING_COUNTERPART,LOW,Status: MISSING_IN_SOURCE_B,MISSING_IN_SOURCE_B
TXN-A-002193-L4213,MISSING_COUNTERPART,LOW,Status: MISSING_IN_SOURCE_B,MISSING_IN_SOURCE_B
TXN-A-002194-L4214,MISSING_COUNTERPART,LOW,Status: MISSING_IN_SOURCE_B,MISSING_IN_SOURCE_B
TXN-A-002195-L4215,MISSING_COUNTERPART,LOW,Status: MISSING_IN_SOURCE_B,MISSING_IN_SOURCE_B
TXN-A-002196-L4216,MISSING_COUNTERPART,LOW,Status: MISSING_IN_SOURCE_B,MISSING_IN_SOURCE_B
TXN-A-002197-L4217,MISSING_COUNTERPART,LOW,Status: MISSING_IN_SOURCE_B,MISSING_IN_SOURCE_B
TXN-A-002198-L4218,MISSING_COUNTERPART,LOW,Status: MISSING_IN_SOURCE_B,MISSING_IN_SOURCE_B
TXN-A-002199-L4219,MISSING_COUNTERPART,LOW,Status: MISSING_IN_SOURCE_B,MISSING_IN_SOURCE_B
TXN-A-002200-L4220,MISSING_COUNTERPART,LOW,Status: MISSING_IN_SOURCE_B,MISSING_IN_SOURCE_B
TXN-A-002201-L4221,MISSING_COUNTERPART,LOW,Status: MISSING_IN_SOURCE_B,MISSING_IN_SOURCE_B
TXN-A-002203-L4225,MISSING_COUNTERPART,LOW,Status: MISSING_IN_SOURCE_B,MISSING_IN_SOURCE_B
TXN-A-002205-L4229,MISSING_COUNTERPART,LOW,Status: MISSING_IN_SOURCE_B,MISSING_IN_SOURCE_B
TXN-A-002207-L4233,MISSING_COUNTERPART,LOW,Status: MISSING_IN_SOURCE_B,MISSING_IN_SOURCE_B
TXN-A-002208-L4235,MISSING_COUNTERPART,LOW,Status: MISSING_IN_SOURCE_B,MISSING_IN_SOURCE_B
TXN-A-002209-L4237,MISSING_COUNTERPART,LOW,Status: MISSING_IN_SOURCE_B,MISSING_IN_SOURCE_B
TXN-A-002210-L4239,MISSING_COUNTERPART,LOW,Status: MISSING_IN_SOURCE_B,MISSING_IN_SOURCE_B
TXN-A-002211-L4241,MISSING_COUNTERPART,LOW,Status: MISSING_IN_SOURCE_B,MISSING_IN_SOURCE_B
TXN-A-002212-L4243,LOW_CONFIDENCE_MATCH,MEDIUM,Match confidence 70.0 below threshold 75.0,QUANTITY_AND_AMOUNT_DIFFERENCE
TXN-A-002213-L4245,MISSING_COUNTERPART,LOW,Status: MISSING_IN_SOURCE_B,MISSING_IN_SOURCE_B
TXN-A-002214-L4247,MISSING_COUNTERPART,LOW,Status: MISSING_IN_SOURCE_B,MISSING_IN_SOURCE_B
TXN-A-002215-L4249,MISSING_COUNTERPART,LOW,Status: MISSING_IN_SOURCE_B,MISSING_IN_SOURCE_B
TXN-A-002216-L4251,MISSING_COUNTERPART,LOW,Status: MISSING_IN_SOURCE_B,MISSING_IN_SOURCE_B
TXN-A-002217-L4253,MISSING_COUNTERPART,LOW,Status: MISSING_IN_SOURCE_B,MISSING_IN_SOURCE_B
TXN-A-002218-L4255,LOW_CONFIDENCE_MATCH,MEDIUM,Match confidence 70.0 below threshold 75.0,QUANTITY_AND_AMOUNT_DIFFERENCE
TXN-A-002220-L4259,MISSING_COUNTERPART,LOW,Status: MISSING_IN_SOURCE_B,MISSING_IN_SOURCE_B
TXN-A-002221-L4261,LOW_CONFIDENCE_MATCH,MEDIUM,Match confidence 70.0 below threshold 75.0,QUANTITY_AND_AMOUNT_DIFFERENCE
TXN-A-002222-L4263,MISSING_COUNTERPART,LOW,Status: MISSING_IN_SOURCE_B,MISSING_IN_SOURCE_B
TXN-A-002223-L4265,MISSING_COUNTERPART,LOW,Status: MISSING_IN_SOURCE_B,MISSING_IN_SOURCE_B
TXN-A-002224-L4267,MISSING_COUNTERPART,LOW,Status: MISSING_IN_SOURCE_B,MISSING_IN_SOURCE_B
TXN-A-002225-L4269,MISSING_COUNTERPART,LOW,Status: MISSING_IN_SOURCE_B,MISSING_IN_SOURCE_B
TXN-A-002228-L4275,MISSING_COUNTERPART,LOW,Status: MISSING_IN_SOURCE_B,MISSING_IN_SOURCE_B
TXN-A-002229-L4277,MISSING_COUNTERPART,LOW,Status: MISSING_IN_SOURCE_B,MISSING_IN_SOURCE_B
TXN-A-002230-L4279,MISSING_COUNTERPART,LOW,Status: MISSING_IN_SOURCE_B,MISSING_IN_SOURCE_B
TXN-A-002231-L4281,MISSING_COUNTERPART,LOW,Status: MISSING_IN_SOURCE_B,MISSING_IN_SOURCE_B
TXN-A-002232-L4283,MISSING_COUNTERPART,LOW,Status: MISSING_IN_SOURCE_B,MISSING_IN_SOURCE_B
TXN-A-002233-L4285,MISSING_COUNTERPART,LOW,Status: MISSING_IN_SOURCE_B,MISSING_IN_SOURCE_B
TXN-A-002234-L4287,MISSING_COUNTERPART,LOW,Status: MISSING_IN_SOURCE_B,MISSING_IN_SOURCE_B
TXN-A-002236-L4291,MISSING_COUNTERPART,LOW,Status: MISSING_IN_SOURCE_B,MISSING_IN_SOURCE_B
TXN-A-002237-L4293,MISSING_COUNTERPART,LOW,Status: MISSING_IN_SOURCE_B,MISSING_IN_SOURCE_B
TXN-A-002238-L4295,MISSING_COUNTERPART,LOW,Status: MISSING_IN_SOURCE_B,MISSING_IN_SOURCE_B
TXN-A-002240-L4299,MISSING_COUNTERPART,LOW,Status: MISSING_IN_SOURCE_B,MISSING_IN_SOURCE_B
TXN-A-002241-L4301,MISSING_COUNTERPART,LOW,Status: MISSING_IN_SOURCE_B,MISSING_IN_SOURCE_B
TXN-A-002242-L4303,MISSING_COUNTERPART,LOW,Status: MISSING_IN_SOURCE_B,MISSING_IN_SOURCE_B
TXN-A-002243-L4305,MISSING_COUNTERPART,LOW,Status: MISSING_IN_SOURCE_B,MISSING_IN_SOURCE_B
TXN-A-002244-L4307,MISSING_COUNTERPART,LOW,Status: MISSING_IN_SOURCE_B,MISSING_IN_SOURCE_B
TXN-A-002245-L4309,MISSING_COUNTERPART,LOW,Status: MISSING_IN_SOURCE_B,MISSING_IN_SOURCE_B
TXN-A-002246-L4311,MISSING_COUNTERPART,LOW,Status: MISSING_IN_SOURCE_B,MISSING_IN_SOURCE_B
TXN-A-002247-L4313,MISSING_COUNTERPART,LOW,Status: MISSING_IN_SOURCE_B,MISSING_IN_SOURCE_B
TXN-A-002248-L4315,MISSING_COUNTERPART,LOW,Status: MISSING_IN_SOURCE_B,MISSING_IN_SOURCE_B
TXN-A-002249-L4317,MISSING_COUNTERPART,LOW,Status: MISSING_IN_SOURCE_B,MISSING_IN_SOURCE_B
TXN-A-002250-L4319,MISSING_COUNTERPART,LOW,Status: MISSING_IN_SOURCE_B,MISSING_IN_SOURCE_B
TXN-A-002251-L4321,MISSING_COUNTERPART,LOW,Status: MISSING_IN_SOURCE_B,MISSING_IN_SOURCE_B
TXN-A-002252-L4323,MISSING_COUNTERPART,LOW,Status: MISSING_IN_SOURCE_B,MISSING_IN_SOURCE_B
TXN-A-002253-L4325,MISSING_COUNTERPART,LOW,Status: MISSING_IN_SOURCE_B,MISSING_IN_SOURCE_B
TXN-A-002254-L4327,MISSING_COUNTERPART,LOW,Status: MISSING_IN_SOURCE_B,MISSING_IN_SOURCE_B
TXN-A-002256-L4331,MISSING_COUNTERPART,LOW,Status: MISSING_IN_SOURCE_B,MISSING_IN_SOURCE_B
TXN-A-002257-L4333,MISSING_COUNTERPART,LOW,Status: MISSING_IN_SOURCE_B,MISSING_IN_SOURCE_B
TXN-A-002258-L4335,MISSING_COUNTERPART,LOW,Status: MISSING_IN_SOURCE_B,MISSING_IN_SOURCE_B
TXN-A-002259-L4337,MISSING_COUNTERPART,LOW,Status: MISSING_IN_SOURCE_B,MISSING_IN_SOURCE_B
TXN-A-002263-L4345,MISSING_COUNTERPART,LOW,Status: MISSING_IN_SOURCE_B,MISSING_IN_SOURCE_B
TXN-A-002264-L4347,MISSING_COUNTERPART,LOW,Status: MISSING_IN_SOURCE_B,MISSING_IN_SOURCE_B
TXN-A-002265-L4349,MISSING_COUNTERPART,LOW,Status: MISSING_IN_SOURCE_B,MISSING_IN_SOURCE_B
TXN-A-002266-L4351,MISSING_COUNTERPART,LOW,Status: MISSING_IN_SOURCE_B,MISSING_IN_SOURCE_B
TXN-A-002267-L4353,MISSING_COUNTERPART,LOW,Status: MISSING_IN_SOURCE_B,MISSING_IN_SOURCE_B
TXN-A-002268-L4355,MISSING_COUNTERPART,LOW,Status: MISSING_IN_SOURCE_B,MISSING_IN_SOURCE_B
TXN-A-002269-L4357,MISSING_COUNTERPART,LOW,Status: MISSING_IN_SOURCE_B,MISSING_IN_SOURCE_B
TXN-A-002270-L4359,MISSING_COUNTERPART,LOW,Status: MISSING_IN_SOURCE_B,MISSING_IN_SOURCE_B
TXN-A-002271-L4361,MISSING_COUNTERPART,LOW,Status: MISSING_IN_SOURCE_B,MISSING_IN_SOURCE_B
TXN-A-002272-L4363,MISSING_COUNTERPART,LOW,Status: MISSING_IN_SOURCE_B,MISSING_IN_SOURCE_B
TXN-A-002273-L4365,MISSING_COUNTERPART,LOW,Status: MISSING_IN_SOURCE_B,MISSING_IN_SOURCE_B
TXN-A-002274-L4367,MISSING_COUNTERPART,LOW,Status: MISSING_IN_SOURCE_B,MISSING_IN_SOURCE_B
TXN-A-002275-L4369,MISSING_COUNTERPART,LOW,Status: MISSING_IN_SOURCE_B,MISSING_IN_SOURCE_B
TXN-A-002276-L4371,MISSING_COUNTERPART,LOW,Status: MISSING_IN_SOURCE_B,MISSING_IN_SOURCE_B
TXN-A-002277-L4373,MISSING_COUNTERPART,LOW,Status: MISSING_IN_SOURCE_B,MISSING_IN_SOURCE_B
TXN-A-002278-L4375,MISSING_COUNTERPART,LOW,Status: MISSING_IN_SOURCE_B,MISSING_IN_SOURCE_B
TXN-A-002279-L4377,MISSING_COUNTERPART,LOW,Status: MISSING_IN_SOURCE_B,MISSING_IN_SOURCE_B
TXN-A-002280-L4379,MISSING_COUNTERPART,LOW,Status: MISSING_IN_SOURCE_B,MISSING_IN_SOURCE_B
TXN-A-002281-L4381,MISSING_COUNTERPART,LOW,Status: MISSING_IN_SOURCE_B,MISSING_IN_SOURCE_B
TXN-A-002282-L4383,MISSING_COUNTERPART,LOW,Status: MISSING_IN_SOURCE_B,MISSING_IN_SOURCE_B
TXN-A-002283-L4385,MISSING_COUNTERPART,LOW,Status: MISSING_IN_SOURCE_B,MISSING_IN_SOURCE_B
TXN-A-002284-L4387,MISSING_COUNTERPART,LOW,Status: MISSING_IN_SOURCE_B,MISSING_IN_SOURCE_B
TXN-A-002285-L4389,MISSING_COUNTERPART,LOW,Status: MISSING_IN_SOURCE_B,MISSING_IN_SOURCE_B
