total_lines,matched_lines,exception_lines,match_rate_pct,exception_rate_pct,total_absolute_exposure,unresolved_exposure,average_confidence,review_required_count,review_rate_pct,branch_id
243,112,125,46.09,51.44,144109.33,75899.33,84.51,125,51.44,BR-001
257,135,117,52.53,45.53,104198.17,9371.36,85.17,117,45.53,BR-002
234,126,100,53.85,42.74,25633.84,8022.09,84.60,101,43.16,BR-003
246,123,115,50.00,46.75,57163.87,25216.93,84.51,116,47.15,BR-004
228,106,115,46.49,50.44,128063.86,66265.82,85.12,115,50.44,BR-005
254,121,122,47.64,48.03,44652.82,7005.93,84.44,122,48.03,BR-006
235,116,110,49.36,46.81,69212.82,33569.76,85.12,111,47.23,BR-007
217,95,115,43.78,53.00,105990.05,39726.97,83.98,115,53.00,BR-008
244,116,120,47.54,49.18,118281.86,56433.71,84.96,121,49.59,BR-009
227,113,103,49.78,45.37,28338.63,7943.21,85.31,103,45.37,BR-010
